id,name,email,gender,status
44087,wsrm1,ncxkb@ky1us.com,male,1
24037,Catarina Nina Moraes,catarinaninamoraes171@autvale.com,female,1
52330,Ramiro Carroll,Brian.Gibson@gmail.com,female,1
31703,Nuria Padrosa,nuripadrosa@student.es,female,1
29214,feres,feres@gmail.com,male,0
23759,Homer J Simpson,demo@test.com,male,0
8,Sharda Reddy,reddy_sharda@muller.name,female,1
26499,Supriya,s123@gmail.com,female,0
43264,xyz,xyz@jik1th.com,female,1
61,kishor kunte,kuntekishor12@yahoo.com,female,0
9184,Viniculous Vicus,testandoteste@Vicus.com,male,1
303,Himanth Kumar,trivedi_girja@rodriguez-turner.io,female,1
22,Pushti Shukla,shukla_pushti@dickens.co,female,1
62,Harinarayan Asan,harinarayan_asan@legros-bednar.io,female,1
29,Ghanshyam Mukhopadhyay,mukhopadhyay_ghanshyam@kub-monahan.org,male,1
30,Pushti Talwar,talwar_pushti@gibson.name,male,0
63,Uttam Dubashi DC,uttam_dubashi_dc@kshlerin.org,male,1
32,Heema Kaul Ret.,ret_kaul_heema@veum-mccullough.co,male,1
34,Kanishka Mahajan,mahajan_kanishka@rau.biz,male,0
35,Giriraaj Mukhopadhyay,mukhopadhyay_giriraaj@hettinger.com,female,1
